,accuracy,precision,recall,f1_score
0,0.77431906614786,0.8034188034188035,0.7286821705426356,0.7642276422764228
