,accuracy,precision,recall,f1_score
0,0.7782101167315175,0.8214285714285714,0.7131782945736435,0.7634854771784232
