,accuracy,precision,recall,f1_score
0,0.7782101167315175,0.8157894736842105,0.7209302325581395,0.7654320987654321
